{"MaterialNodes": {"z": [-0.017347929999232292, 0.43998557329177856, 0.03930601105093956, 0.6614002585411072, 0.20781683921813965, -0.7348613739013672, 0.13391607999801636, -0.5292675495147705, 0.22374936938285828, 0.708854615688324, 0.9817004203796387, -0.5935326814651489, 0.2578561305999756, 0.7832472920417786, 0.3946132957935333, -0.5902791619300842, 1.5030971765518188, -0.7158295512199402, 1.6801056861877441, -0.7186591029167175, 1.0173574686050415, -0.6263843774795532, 0.2948313057422638, 0.48936259746551514, 0.14766454696655273, 0.4647270441055298, 0.041946958750486374, 0.14828194677829742, 0.7654947638511658, -0.5825759172439575, 0.7559477090835571, -0.5793787837028503]}, "NetworkInteraction": {"l0p0": {"params.phi": 1.0019888877868652}, "l1p0": {"params.phi": 0.7653151154518127}, "l2p0": {"params.phi": 1.3381658792495728}, "l3p0": {"params.phi": 0.5237616300582886}, "l4p0": {"params.phi": 1.6264047622680664}, "l4p1": {"params.phi": 1.6265791654586792}, "l3p1": {"params.phi": 0.9093376398086548}, "l4p2": {"params.phi": 1.1505604982376099}, "l4p3": {"params.phi": 0.8350580334663391}, "l2p1": {"params.phi": 1.522766351699829}, "l3p2": {"params.phi": 0.16355203092098236}, "l4p4": {"params.phi": 0.33347082138061523}, "l4p5": {"params.phi": 1.2015843391418457}, "l3p3": {"params.phi": 0.6752089858055115}, "l4p6": {"params.phi": 0.8152645826339722}, "l4p7": {"params.phi": 1.1970479488372803}, "l1p1": {"params.phi": 0.13283304870128632}, "l2p2": {"params.phi": 0.7604897022247314}, "l3p4": {"params.phi": 0.29466700553894043}, "l4p8": {"params.phi": 1.0187677145004272}, "l4p9": {"params.phi": 0.9950371980667114}, "l3p5": {"params.phi": 1.0869706869125366}, "l4p10": {"params.phi": 1.0644742250442505}, "l4p11": {"params.phi": 0.9401040077209473}, "l2p3": {"params.phi": 1.0022815465927124}, "l3p6": {"params.phi": 1.1079506874084473}, "l4p12": {"params.phi": 1.7845182418823242}, "l4p13": {"params.phi": 1.783522129058838}, "l3p7": {"params.phi": -0.09594397246837616}, "l4p14": {"params.phi": 0.9909846782684326}, "l4p15": {"params.phi": 0.9900951385498047}}, "MaterialNetwork": {"N": 32, "numSublist": 2, "seed": 42, "n_dim": 2, "d_max": 5}}